orcasound_filename,date_time_pstpdt,date_pstpdt,time_pstpdt,date_time_utc,date_utc,time_utc,duration,notes,aws_bucket,latitude,longitude
cand_02y1wSdZd4yNIviSP6KnPv,2024-10-21_16.45.52,2024-10-21,16.45.52,2024-10-21_23.45.52,2024-10-21,23.45.52,,"Possibly clicks, definitely calls",1729407621.0,47.87315,-122.42455
cand_02y1yjTsIQdGRYKez6kSEp,2024-10-21_18.18.21,2024-10-21,18.18.21,2024-10-22_01.18.21,2024-10-22,01.18.21,,Sounds like clicks- echo location ?,1729407621.0,47.88407,-122.394465
cand_02y1z6intJAjLvmqtCXZsv,2024-10-21_18.25.03,2024-10-21,18.25.03,2024-10-22_01.25.03,2024-10-22,01.25.03,,"Repeated S01 calls, S01 call thru ferry noise",1729407621.0,47.88407,-122.394465
cand_02y1z1yqKE41Sp0UY33Wsg,2024-10-21_18.30.11,2024-10-21,18.30.11,2024-10-22_01.30.11,2024-10-22,01.30.11,,"S10 excitement call, S01 calls many through AM radio interference, 6:31 PM orca calls",1729407621.0,47.88407,-122.394465
cand_02y1zNeT4QvXx7KGp5od2O,2024-10-21_18.44.52,2024-10-21,18.44.52,2024-10-22_01.44.52,2024-10-22,01.44.52,,"S01s, Faint calls, S04s?",1729407621.0,47.88407,-122.394465
cand_02y1zv6leLPsRUpnQoAAto,2024-10-21_19.07.05,2024-10-21,19.07.05,2024-10-22_02.07.05,2024-10-22,02.07.05,,"Faint squeals of whales, S01 and a few S04 calls, Calls faintly. They sound distant",1729407621.0,47.88931,-122.39158
cand_02y208ApXqORSq04WTcu8T,2024-10-21_19.15.28,2024-10-21,19.15.28,2024-10-22_02.15.28,2024-10-22,02.15.28,,"Faint S04, Very faint calls",1729407621.0,47.88931,-122.39158
cand_02y20Ij8BN1jSUShwOQ08j,2024-10-21_19.22.22,2024-10-21,19.22.22,2024-10-22_02.22.22,2024-10-22,02.22.22,,"S01, Echolocation?, S07 faint",1729534520.0,47.88931,-122.39158
cand_02y2LW1ZYhdXWY02TGODUu,2024-10-22_09.46.07,2024-10-22,09.46.07,2024-10-22_16.46.07,2024-10-22,16.46.07,,"I think I heard a Echolocation At Sunset Bay, I am not sure though.",1729534520.0,47.6957125,-122.4593
cand_02y2R6bvpuaTrj9ayJIYkU,2024-10-22_13.33.46,2024-10-22,13.33.46,2024-10-22_20.33.46,2024-10-22,20.33.46,,,1729534520.0,47.82920333333334,-122.42260833333332
cand_02y2RRcx9Z4mk5OQ91wRe0,2024-10-22_13.47.38,2024-10-22,13.47.38,2024-10-22_20.47.38,2024-10-22,20.47.38,,Call,1729534520.0,47.84663166666667,-122.41473
cand_02y2RVMK8VbmrAAZQdyCIA,2024-10-22_13.50.57,2024-10-22,13.50.57,2024-10-22_20.50.57,2024-10-22,20.50.57,,,1729534520.0,47.84663166666667,-122.41473
cand_02y2RnXTcofPIQjKuQjvE3,2024-10-22_14.03.01,2024-10-22,14.03.01,2024-10-22_21.03.01,2024-10-22,21.03.01,,"call, S01 calls through radio interference",1729534520.0,47.85693833333334,-122.41563166666667
cand_02y2SGeUCJ2xWSg4iXmQvX,2024-10-22_14.22.04,2024-10-22,14.22.04,2024-10-22_21.22.04,2024-10-22,21.22.04,,Clear S01 call after long period with no SRKW signals.,1729534520.0,47.864301999999995,-122.413952
cand_02y2SZgox0K7QgZxboENvq,2024-10-22_14.34.39,2024-10-22,14.34.39,2024-10-22_21.34.39,2024-10-22,21.34.39,,"lots of calls, buzzing and calls, clear up and down sweeps, some rubbing on hydrophone also",1729534520.0,47.866321666666664,-122.41038166666665
cand_02y2SlLwCW3aRKRqPVBj7U,2024-10-22_14.42.18,2024-10-22,14.42.18,2024-10-22_21.42.18,2024-10-22,21.42.18,,"orca, distant call in radio noise",1729580422.0,47.86917857142857,-122.40623714285714
cand_02y2T5WYzp8gSV6GFR6eK5,2024-10-22_14.55.22,2024-10-22,14.55.22,2024-10-22_21.55.22,2024-10-22,21.55.22,,Eee ohh,1729580422.0,47.876287142857144,-122.39865999999998
cand_02y2UImx57yGJKGNgxwUpq,2024-10-22_15.43.23,2024-10-22,15.43.23,2024-10-22_22.43.23,2024-10-22,22.43.23,,"More calls now. Sounds like multiple orca., Faint calls., Possible echolocation. Lots of clicking.",1729580422.0,47.88110857142857,-122.39635428571428
cand_02y2V71GnZUQOzybrObWmF,2024-10-22_16.17.57,2024-10-22,16.17.57,2024-10-22_23.17.57,2024-10-22,23.17.57,,Calls,1729580422.0,47.88331,-122.39115500000001
cand_02y2VBrEdt5a3PC7OgXo5h,2024-10-22_16.21.12,2024-10-22,16.21.12,2024-10-22_23.21.12,2024-10-22,23.21.12,,Faint calls,1729580422.0,47.879868571428574,-122.39935000000001
cand_02y2VKx9jd2sJtBtRXv6iC,2024-10-22_16.27.03,2024-10-22,16.27.03,2024-10-22_23.27.03,2024-10-22,23.27.03,,Calls thru tanker noise.,1729580422.0,47.88044333333334,-122.40048666666667
cand_02y2VQWRjHYslRlODd7vxX,2024-10-22_16.30.56,2024-10-22,16.30.56,2024-10-22_23.30.56,2024-10-22,23.30.56,,"Lots of faint calls thru ship noise, including possibly many whistles in last 10min",1729580422.0,47.88044333333334,-122.40048666666667
cand_02y2VsyXfyWozi1g5b2Yf2,2024-10-22_16.49.24,2024-10-22,16.49.24,2024-10-22_23.49.24,2024-10-22,23.49.24,,Squeaks,1729580422.0,47.879268,-122.40431000000001
cand_02y2VyVHewGf5xvTd1PsM1,2024-10-22_16.52.57,2024-10-22,16.52.57,2024-10-22_23.52.57,2024-10-22,23.52.57,,"Two calls thru last of noise from NB tanker Marissa (still audible as it clears Pt No Pt)., Sqeak",1729580422.0,47.879268,-122.40431000000001
cand_02y2WA4rC2Yv7AZ3YDKsbq,2024-10-22_17.00.38,2024-10-22,17.00.38,2024-10-23_00.00.38,2024-10-23,00.00.38,,Clicking?,1729580422.0,47.877965,-122.40858500000002
cand_02y2WL4jXBtDNaJ6fBfVfa,2024-10-22_17.08.03,2024-10-22,17.08.03,2024-10-23_00.08.03,2024-10-23,00.08.03,,"Faint calls, Faint calls",1729580422.0,47.872186666666664,-122.41964666666667
cand_02y2uub6DMoDVK20B1UyA2,2024-10-23_09.49.08,2024-10-23,09.49.08,2024-10-23_16.49.08,2024-10-23,16.49.08,,Faint calls,1729666823.0,47.86143,-122.42418
cand_02y2v5HWvRy9Lou0V7U6Av,2024-10-23_09.56.20,2024-10-23,09.56.20,2024-10-23_16.56.20,2024-10-23,16.56.20,,"J-Pod calling..., S01 calls, faint, S01 calls as train and ferry noise die down.",1729666823.0,47.86143,-122.42418
cand_02y2vkQ8o9smA5ZuPDm4k6,2024-10-23_10.23.16,2024-10-23,10.23.16,2024-10-23_17.23.16,2024-10-23,17.23.16,,"Faint calls behind the engine sounds, Whale noises, faint calls",1729666823.0,47.858779999999996,-122.42504
cand_02y2vxn44krJZKM9mM4gqQ,2024-10-23_10.32.17,2024-10-23,10.32.17,2024-10-23_17.32.17,2024-10-23,17.32.17,,faint calls,1729666823.0,47.85605333333333,-122.42841666666668
cand_02y2w4afSvkiLvtmqQFy2F,2024-10-23_10.36.45,2024-10-23,10.36.45,2024-10-23_17.36.45,2024-10-23,17.36.45,,Jpod calls,1729666823.0,47.85605333333333,-122.42841666666668
cand_02y2wQxYxIx3hI6O4dmLKb,2024-10-23_10.50.54,2024-10-23,10.50.54,2024-10-23_17.50.54,2024-10-23,17.50.54,,,1729666823.0,47.858779999999996,-122.4325075
cand_02y2wbLiqj8IeZOPK36LX7,2024-10-23_10.58.08,2024-10-23,10.58.08,2024-10-23_17.58.08,2024-10-23,17.58.08,,Calls,1729666823.0,47.858779999999996,-122.4325075
cand_02y2xEmIyJXzqHVg0Gdh8j,2024-10-23_11.24.07,2024-10-23,11.24.07,2024-10-23_18.24.07,2024-10-23,18.24.07,,"S01 call x3, S01 call, faint, through noise from fishing vessel., S01 call as ferry noise decreases.",1729666823.0,47.865295999999994,-122.438464
cand_02y2xSrFm8MYfZZpUhZBod,2024-10-23_11.33.16,2024-10-23,11.33.16,2024-10-23_18.33.16,2024-10-23,18.33.16,,"Orca! Distant mewing vocalizations. Single orca., Calls, Faint calls through flutter vessel noise.",1729666823.0,47.865295999999994,-122.438464
cand_02y2xc0PmFMag4CgLXnDJ9,2024-10-23_11.39.10,2024-10-23,11.39.10,2024-10-23_18.39.10,2024-10-23,18.39.10,,"More powerboat noise rpm changes, steady receive level overall... so maybe it is distant?, More faint S01s x3, Repeated faint S01 calls x5?",1729666823.0,47.865295999999994,-122.438464
cand_02y31r1IDGva7miOsWAOzb,2024-10-23_14.29.56,2024-10-23,14.29.56,2024-10-23_21.29.56,2024-10-23,21.29.56,,Extremely faint calls? (ON locates J pod off Point No Point at 14:00 -- approx range of 11km.),1729666823.0,47.92227166666667,-122.46992499999999
cand_02y3B8npMPq1MykM9YD8ZT,2024-10-23_20.50.09,2024-10-23,20.50.09,2024-10-24_03.50.09,2024-10-24,03.50.09,,"Jpod back in Possession triangle, 8:51 Pm Starting to hear faint orca calls",1729666823.0,47.86395,-122.40275
cand_02y3BJqLT0kvjzuhrlgVqs,2024-10-23_20.57.45,2024-10-23,20.57.45,2024-10-24_03.57.45,2024-10-24,03.57.45,,,1729666823.0,47.86395,-122.40275
cand_02y3QBKfRislM7LPN8cZG1,2024-10-24_07.01.08,2024-10-24,07.01.08,2024-10-24_14.01.08,2024-10-24,14.01.08,,Clicks,1729666823.0,47.88384,-122.37028
cand_02y3QGAtHBAwqQgGd77I3o,2024-10-24_07.06.52,2024-10-24,07.06.52,2024-10-24_14.06.52,2024-10-24,14.06.52,,,1729666823.0,47.88384,-122.37028
cand_02y3YKDL7vQwTCBHzmtoiL,2024-10-24_12.35.20,2024-10-24,12.35.20,2024-10-24_19.35.20,2024-10-24,19.35.20,,Hearing Orca Calls!!!,1729666823.0,47.80591888888888,-122.43494555555556
cand_02y3cjAuBb7h5U1FgIMXfx,2024-10-24_15.34.38,2024-10-24,15.34.38,2024-10-24_22.34.38,2024-10-24,22.34.38,,"Faint whale calls as train is passing, Killer whale",1729666823.0,47.816766,-122.43274
cand_02y3d4gcuHn8TylbMjknCw,2024-10-24_15.48.47,2024-10-24,15.48.47,2024-10-24_22.48.47,2024-10-24,22.48.47,,Very faint calls,1729753223.0,47.817386666666664,-122.43668833333332
cand_02y3dMomz9u1DkpfSNR2C8,2024-10-24_16.00.39,2024-10-24,16.00.39,2024-10-24_23.00.39,2024-10-24,23.00.39,,Faint calls,1729753223.0,47.81072375,-122.43973500000001
cand_02y3f5PH2U5Dsxn58q2tlL,2024-10-24_17.10.49,2024-10-24,17.10.49,2024-10-25_00.10.49,2024-10-25,00.10.49,,Faint S01 call,1729753223.0,47.79497142857143,-122.44640000000001
cand_02y3fcupal1EFlY8bQINkr,2024-10-24_17.32.43,2024-10-24,17.32.43,2024-10-25_00.32.43,2024-10-25,00.32.43,,faint calls,1729753223.0,47.797726,-122.45358000000002
cand_02y3g6nr1CNwOyPCbYQnf5,2024-10-24_17.52.28,2024-10-24,17.52.28,2024-10-25_00.52.28,2024-10-25,00.52.28,,"Distant j pod calls, ORCA CALLS",1729753223.0,47.793335,-122.45686
cand_02y3gXrpCI1CyedZCX9pzQ,2024-10-24_18.06.27,2024-10-24,18.06.27,2024-10-25_01.06.27,2024-10-25,01.06.27,,6:07 PM- Hearing orcas calls,1729753223.0,47.793335,-122.45686
cand_02y4CD2DOe0uhTTuaeFafQ,2024-10-25_15.40.38,2024-10-25,15.40.38,2024-10-25_22.40.38,2024-10-25,22.40.38,,,1729753223.0,47.88867333333334,-122.47237999999999
cand_02y4CYU6SjIUG9XP5vJQqT,2024-10-25_15.54.51,2024-10-25,15.54.51,2024-10-25_22.54.51,2024-10-25,22.54.51,,,1729753223.0,47.880815714285724,-122.43412857142857
cand_02y4CdLmGFXC0R5EkRKnMc,2024-10-25_15.58.03,2024-10-25,15.58.03,2024-10-25_22.58.03,2024-10-25,22.58.03,,,1729753223.0,47.880815714285724,-122.43412857142857
cand_02y4D9T3CrKE9tMfamNVHi,2024-10-25_16.18.50,2024-10-25,16.18.50,2024-10-25_23.18.50,2024-10-25,23.18.50,,Distant calls,1729753223.0,47.87259428571429,-122.42329142857145
cand_02y4DGNtOPUkGX7N7rdb1E,2024-10-25_16.23.38,2024-10-25,16.23.38,2024-10-25_23.23.38,2024-10-25,23.23.38,,,1729753223.0,47.87259428571429,-122.42329142857145
cand_02y4DPMGsPAV1lICDIPyge,2024-10-25_16.29.12,2024-10-25,16.29.12,2024-10-25_23.29.12,2024-10-25,23.29.12,,Orca calls,1729753223.0,47.87259428571429,-122.42329142857145
cand_02y4E4HdCFcMLXL9qJKTi1,2024-10-25_16.56.02,2024-10-25,16.56.02,2024-10-25_23.56.02,2024-10-25,23.56.02,,"S01s x3, but distinct receive levels, Short call, Long S01",1729839623.0,47.87239571428571,-122.41712428571431
cand_02y4EXKGBve7XHkQU6cGmf,2024-10-25_17.14.59,2024-10-25,17.14.59,2024-10-26_00.14.59,2024-10-26,00.14.59,,J pod,1729839623.0,47.869723333333326,-122.40104833333334
cand_02y4EmphBOsj1IlBkD14eK,2024-10-25_17.25.37,2024-10-25,17.25.37,2024-10-26_00.25.37,2024-10-26,00.25.37,,"Clear S01s, S10, Clear S01 calls, a couple overlapping.",1729839623.0,47.871475454545454,-122.39659999999999
cand_02y4Ew5Pft9x3ku1lJ3C7Z,2024-10-25_17.31.37,2024-10-25,17.31.37,2024-10-26_00.31.37,2024-10-26,00.31.37,,Hf call x4 S42?,1729839623.0,47.871475454545454,-122.39659999999999
cand_02y4F1hVBU1GK6F91wncFm,2024-10-25_17.35.23,2024-10-25,17.35.23,2024-10-26_00.35.23,2024-10-26,00.35.23,,,1729839623.0,47.871475454545454,-122.39659999999999
cand_02y4FFOb1Wp5cUv1BUTYmo,2024-10-25_17.44.12,2024-10-25,17.44.12,2024-10-26_00.44.12,2024-10-26,00.44.12,,"Loud calls, and clicks, Many S04s, S04",1729839623.0,47.866921250000004,-122.39366
cand_02y4G2TIWhLjjT1IOlJHGq,2024-10-25_18.16.36,2024-10-25,18.16.36,2024-10-26_01.16.36,2024-10-26,01.16.36,,"S03?, Overlapping calls, S04s",1729839623.0,47.86776833333334,-122.38673
cand_02y4GFxqrXvzVCxBw7yCVA,2024-10-25_18.25.20,2024-10-25,18.25.20,2024-10-26_01.25.20,2024-10-26,01.25.20,,"S04 descending in pitch, right after rising example!, S04 but rising, S01",1729839623.0,47.86776833333334,-122.38673
cand_02y4GaEv2L5KIs5udNDmgW,2024-10-25_18.38.47,2024-10-25,18.38.47,2024-10-26_01.38.47,2024-10-26,01.38.47,,"Faint calls as ferry noise subsides., Distant S42?, Call, abberant",1729839623.0,47.865981999999995,-122.378542
cand_02y4GmMAUSs5CjDImJWtd0,2024-10-25_18.46.50,2024-10-25,18.46.50,2024-10-26_01.46.50,2024-10-26,01.46.50,,"Loud calls, S01, S10, extended",1729839623.0,47.865981999999995,-122.378542
cand_02y4GmMAUSs5CjDImJWtd0,2024-10-25_18.53.00,2024-10-25,18.53.00,2024-10-26_01.53.00,2024-10-26,01.53.00,,,1729839623.0,47.865981999999995,-122.378542
cand_02y4GmMAUSs5CjDImJWtd0,2024-10-25_18.55.30,2024-10-25,18.55.30,2024-10-26_01.55.30,2024-10-26,01.55.30,,,1729839623.0,47.865981999999995,-122.378542
cand_02y4GmMAUSs5CjDImJWtd0,2024-10-25_18.57.30,2024-10-25,18.57.30,2024-10-26_01.57.30,2024-10-26,01.57.30,,,1729839623.0,47.865981999999995,-122.378542
cand_02y4GmMAUSs5CjDImJWtd0,2024-10-25_18.58.30,2024-10-25,18.58.30,2024-10-26_01.58.30,2024-10-26,01.58.30,,,1729839623.0,47.865981999999995,-122.378542
cand_02y4GmMAUSs5CjDImJWtd0,2024-10-25_18.59.00,2024-10-25,18.59.00,2024-10-26_01.59.00,2024-10-26,01.59.00,,,1729839623.0,47.865981999999995,-122.378542
cand_02y4GmMAUSs5CjDImJWtd0,2024-10-25_19.00.00,2024-10-25,19.00.00,2024-10-26_02.00.00,2024-10-26,02.00.00,,,1729839623.0,47.865981999999995,-122.378542
cand_02y4GmMAUSs5CjDImJWtd0,2024-10-25_19.01.00,2024-10-25,19.01.00,2024-10-26_02.01.00,2024-10-26,02.01.00,,,1729839623.0,47.87532,-122.39557
cand_02y4GmMAUSs5CjDImJWtd0,2024-10-25_19.02.00,2024-10-25,19.02.00,2024-10-26_02.02.00,2024-10-26,02.02.00,,,1729839623.0,47.87532,-122.39557
cand_02y4GmMAUSs5CjDImJWtd0,2024-10-25_19.03.00,2024-10-25,19.03.00,2024-10-26_02.03.00,2024-10-26,02.03.00,,,1729839623.0,47.87532,-122.39557
cand_02y4GmMAUSs5CjDImJWtd0,2024-10-25_19.04.00,2024-10-25,19.04.00,2024-10-26_02.04.00,2024-10-26,02.04.00,,,1729839623.0,47.87532,-122.39557
cand_02y4GmMAUSs5CjDImJWtd0,2024-10-25_19.05.00,2024-10-25,19.05.00,2024-10-26_02.05.00,2024-10-26,02.05.00,,,1729839623.0,47.87532,-122.39557
cand_02y4GmMAUSs5CjDImJWtd0,2024-10-25_19.06.00,2024-10-25,19.06.00,2024-10-26_02.06.00,2024-10-26,02.06.00,,,1729839623.0,47.87532,-122.39557
cand_02y4GmMAUSs5CjDImJWtd0,2024-10-25_19.07.00,2024-10-25,19.07.00,2024-10-26_02.07.00,2024-10-26,02.07.00,,,1729839623.0,47.87532,-122.39557
cand_02y4jRcAxFcJe2JffX7ZdN,2024-10-26_14.12.34,2024-10-26,14.12.34,2024-10-26_21.12.34,2024-10-26,21.12.34,,"Very faint S10?, Possible call?",1729839623.0,47.89118076923077,-122.41333461538463
cand_02y4kwr8mt2WEn6tz19WYN,2024-10-26_15.16.06,2024-10-26,15.16.06,2024-10-26_22.16.06,2024-10-26,22.16.06,,,1729839623.0,47.877999,-122.41180900000002
cand_02y4pQWI7YqNhbN8hyay2H,2024-10-26_18.18.38,2024-10-26,18.18.38,2024-10-27_01.18.38,2024-10-27,01.18.38,,Sporadic SRKW calling at 6:20pm,1729839623.0,47.857425,-122.41835
cand_02y4poV8WRH5gXoHcHD406,2024-10-26_18.34.06,2024-10-26,18.34.06,2024-10-27_01.34.06,2024-10-27,01.34.06,,"Calls again, 6:35, J Pod calls again at approx. 6:30",1729839623.0,47.85571,-122.41414
cand_02y5G7xEKrL0CXBqbV4oTI,2024-10-27_12.26.21,2024-10-27,12.26.21,2024-10-27_19.26.21,2024-10-27,19.26.21,,,1729839623.0,47.758882500000006,-122.448835
cand_02y5TEfqslxvFdy2R7s0Bt,2024-10-27_15.42.38,2024-10-27,15.42.38,2024-10-27_22.42.38,2024-10-27,22.42.38,,faint orca calls,1729839623.0,47.73076,-122.45453
cand_02y6PnBVSuYkJwnlUYSsjv,2024-10-29_13.06.45,2024-10-29,13.06.45,2024-10-29_20.06.45,2024-10-29,20.06.45,,"J pod, jpod calls, Jpod calls",1730012424.0,47.84997833333333,-122.44880166666667
cand_02y6PzJrGGN0gu9d3Nw0D4,2024-10-29_13.14.53,2024-10-29,13.14.53,2024-10-29_20.14.53,2024-10-29,20.14.53,,jpod call,1730012424.0,47.84997833333333,-122.44880166666667
cand_02y6QCKvwgQzoX0gPTF3KA,2024-10-29_13.23.18,2024-10-29,13.23.18,2024-10-29_20.23.18,2024-10-29,20.23.18,,Jpod call,1730012424.0,47.84759666666667,-122.45332666666667
cand_02y6QHwSwl019lbnvNg1H3,2024-10-29_13.26.59,2024-10-29,13.26.59,2024-10-29_20.26.59,2024-10-29,20.26.59,,jpod call,1730012424.0,47.84759666666667,-122.45332666666667
cand_02y6QVsANIlNV5vG01Ts1b,2024-10-29_13.36.07,2024-10-29,13.36.07,2024-10-29_20.36.07,2024-10-29,20.36.07,,,1730098826.0,47.84759666666667,-122.45332666666667
cand_02y6Qffpx3effNf7GUPJpm,2024-10-29_13.42.39,2024-10-29,13.42.39,2024-10-29_20.42.39,2024-10-29,20.42.39,,EL clicks,1730098826.0,47.84192714285714,-122.45321571428572
cand_02y6QlOZhqjsRLGXUDj0GP,2024-10-29_13.46.24,2024-10-29,13.46.24,2024-10-29_20.46.24,2024-10-29,20.46.24,,"Killer whale calls, faint calls",1730185224.0,47.84192714285714,-122.45321571428572
cand_02y6QsIHhhivnppUCdwHBH,2024-10-29_13.51.01,2024-10-29,13.51.01,2024-10-29_20.51.01,2024-10-29,20.51.01,,jpod call,1730185224.0,47.84192714285714,-122.45321571428572
cand_02y6TkDFMUDLG1r40C34SY,2024-10-29_14.33.50,2024-10-29,14.33.50,2024-10-29_21.33.50,2024-10-29,21.33.50,,,1730185224.0,47.83010428571428,-122.45778
cand_02y7qnvmEFcV3M6tGfJVf0,2024-11-01_01.33.55,2024-11-01,01.33.55,2024-11-01_08.33.55,2024-11-01,08.33.55,,Faint calls?,1730185224.0,47.86252,-122.39559
cand_02y8djE1aEhTIbA1xU9FJc,2024-11-02_10.47.38,2024-11-02,10.47.38,2024-11-02_17.47.38,2024-11-02,17.47.38,,,1730444426.0,47.81584333333334,-122.41344500000001
cand_02y8e225DUl3FAsxU4jR6n,2024-11-02_10.59.44,2024-11-02,10.59.44,2024-11-02_17.59.44,2024-11-02,17.59.44,,"faint whistles/echolocation SRKWs in area, Squealing, Faint killer whale calls",1730444426.0,47.825186,-122.40867800000001
cand_02y8eFvA3MqlwG8HgVwipv,2024-11-02_11.08.59,2024-11-02,11.08.59,2024-11-02_18.08.59,2024-11-02,18.08.59,,whistles,1730530831.0,47.837028333333336,-122.39951166666667
cand_02y8eTxP5wjZbkRSeCCPIK,2024-11-02_11.17.57,2024-11-02,11.17.57,2024-11-02_18.17.57,2024-11-02,18.17.57,,Calling,1730530831.0,47.847746,-122.39154599999999
cand_02y8epNcvZBu0P8JDxOfm0,2024-11-02_11.31.38,2024-11-02,11.31.38,2024-11-02_18.31.38,2024-11-02,18.31.38,,,1730530831.0,47.870948,-122.37304199999998
cand_02y8euCs1Lj6qXsm1GwU3B,2024-11-02_11.35.16,2024-11-02,11.35.16,2024-11-02_18.35.16,2024-11-02,18.35.16,,"Calls and EL clicks, Srkw",1730530831.0,47.870948,-122.37304199999998
cand_02y8f0gj3zlIVBohcWmNrX,2024-11-02_11.39.47,2024-11-02,11.39.47,2024-11-02_18.39.47,2024-11-02,18.39.47,,"Whistles, calls, and squeaks!",1730530831.0,47.870948,-122.37304199999998
cand_02y8fYOL09BVyb9xe1PpdN,2024-11-02_11.47.07,2024-11-02,11.47.07,2024-11-02_18.47.07,2024-11-02,18.47.07,,,1730530831.0,47.881663333333336,-122.36755499999998
cand_02y8fzM8TZBKkGoOThAowP,2024-11-02_12.17.27,2024-11-02,12.17.27,2024-11-02_19.17.27,2024-11-02,19.17.27,,"Hi Dr.Scott, what Pod is passing in Mukilteo? Is it J Pod? It seems they passed the Straits, probably they come from BC !? Last year happened the same thing on this date . I hadn’t listened online an Orca’s call before,just that freak show by SeaWorld with poor Tillikum… Well, it took a year since I wrote to you but they come to Puget Sound on my birthday, the some way, is a gift to me. Hugs to you and team . Renata from Brazil., Calls on Sunset Hydrophones 1256",1730530831.0,47.934810000000006,-122.33994125000001
cand_02yAPyyApxCUXTqjJJAvvL,2024-11-05_12.40.07,2024-11-05,12.40.07,2024-11-05_20.40.07,2024-11-05,20.40.07,,Faint calls,1730530831.0,47.8533175,-122.406105
cand_02yAQgBXl2MnCJzdLsiWaK,2024-11-05_13.08.15,2024-11-05,13.08.15,2024-11-05_21.08.15,2024-11-05,21.08.15,,Still hearing faint calls,1730530831.0,47.869705999999994,-122.388078
cand_02yAQvViyl0AVJCHjvbQ98,2024-11-05_13.18.33,2024-11-05,13.18.33,2024-11-05_21.18.33,2024-11-05,21.18.33,,,1730530831.0,47.875521666666664,-122.382925
cand_02yARAnTV9j52W5Xjyy1bR,2024-11-05_13.28.31,2024-11-05,13.28.31,2024-11-05_21.28.31,2024-11-05,21.28.31,,"Still hearing faint calls, J-pod calls",1730530831.0,47.88609666666667,-122.37097
cand_02yARhWt7Y9fWFabbAFa3b,2024-11-05_13.47.42,2024-11-05,13.47.42,2024-11-05_21.47.42,2024-11-05,21.47.42,,,1730530831.0,47.89206,-122.36737857142857
cand_02yAUOZ3Nsh97Tk3z4jqR2,2024-11-05_15.38.59,2024-11-05,15.38.59,2024-11-05_23.38.59,2024-11-05,23.38.59,,,1730707225.0,47.9214525,-122.34399250000001
cand_02yAUn4aCyBWmi0Dc1RGLW,2024-11-05_15.54.40,2024-11-05,15.54.40,2024-11-05_23.54.40,2024-11-05,23.54.40,,faint whale,1730793628.0,47.903475,-122.36238499999999
cand_02yAX7J1Zui7BTbpE37Ip7,2024-11-05_17.31.01,2024-11-05,17.31.01,2024-11-06_01.31.01,2024-11-06,01.31.01,,,1730793628.0,47.86467,-122.41494
cand_02yAvuusgzWPoXU2J4AWBW,2024-11-06_10.21.19,2024-11-06,10.21.19,2024-11-06_18.21.19,2024-11-06,18.21.19,,Clear calls,1730793628.0,47.85897,-122.40112142857143
cand_02yAx0auKyWhiDKdePV6I9,2024-11-06_11.05.49,2024-11-06,11.05.49,2024-11-06_19.05.49,2024-11-06,19.05.49,,"Faint S10, Faint calls (repeated S01s?), Faint calls.",1730793628.0,47.85879833333333,-122.415795
cand_02yAxesKZMV7Sv1UNTpjUY,2024-11-06_11.32.24,2024-11-06,11.32.24,2024-11-06_19.32.24,2024-11-06,19.32.24,,,1730793628.0,47.86021000000001,-122.421596
cand_02yAykAdEk4yeOlHoAsuVo,2024-11-06_12.16.24,2024-11-06,12.16.24,2024-11-06_20.16.24,2024-11-06,20.16.24,,,1730793628.0,47.823910000000005,-122.45031
cand_02yB1Co5lKnuMr7fwBtXAD,2024-11-06_13.56.50,2024-11-06,13.56.50,2024-11-06_21.56.50,2024-11-06,21.56.50,,orca,1730793628.0,47.80451,-122.44396166666667
cand_02yB2vO7jln6hpHsBhLVYB,2024-11-06_15.06.56,2024-11-06,15.06.56,2024-11-06_23.06.56,2024-11-06,23.06.56,,Orca,1730793628.0,47.844275,-122.43449749999999
cand_02yB3HwKzKzePTvSn55NAB,2024-11-06_15.20.49,2024-11-06,15.20.49,2024-11-06_23.20.49,2024-11-06,23.20.49,,Squeal!,1730880025.0,47.85007,-122.431116
cand_02yB4Fulmjh0TLwXpRh2bD,2024-11-06_15.59.57,2024-11-06,15.59.57,2024-11-06_23.59.57,2024-11-06,23.59.57,,"Orca calls, Orca calls",1730880025.0,47.863632499999994,-122.4186175
cand_02yB4WzpVSjEWAQhGkCV9G,2024-11-06_16.12.14,2024-11-06,16.12.14,2024-11-07_00.12.14,2024-11-07,00.12.14,,J,1730880025.0,47.86679999999999,-122.41358333333334
cand_02yB4wGictAIsWdWJeWZb0,2024-11-06_16.28.56,2024-11-06,16.28.56,2024-11-07_00.28.56,2024-11-07,00.28.56,,,1730880025.0,47.86922,-122.41673
cand_02yB5HRmSCp6GaGZuFFhQe,2024-11-06_16.42.46,2024-11-06,16.42.46,2024-11-07_00.42.46,2024-11-07,00.42.46,,,1730880025.0,47.86922,-122.41673
cand_02yB5MOR4HzqZ4xRs4q030,2024-11-06_16.46.01,2024-11-06,16.46.01,2024-11-07_00.46.01,2024-11-07,00.46.01,,,1730880025.0,47.86922,-122.41673
cand_02yBVYrbw000YSQ2hP5CUd,2024-11-07_10.33.50,2024-11-07,10.33.50,2024-11-07_18.33.50,2024-11-07,18.33.50,,Sounds like an orca whistle to me,1730880025.0,47.76975125,-122.43759875
cand_02yBWD73pEFhnq9ntORbs9,2024-11-07_11.00.13,2024-11-07,11.00.13,2024-11-07_19.00.13,2024-11-07,19.00.13,,whistle,1730880025.0,47.78995428571428,-122.43592000000001
cand_02yBXOPvfw7zEpwC59ploQ,2024-11-07_11.48.28,2024-11-07,11.48.28,2024-11-07_19.48.28,2024-11-07,19.48.28,,orcas,1730880025.0,47.833326666666665,-122.42766999999998
cand_02yBcsBfmfRRqnV5ZoyIT1,2024-11-07_12.24.58,2024-11-07,12.24.58,2024-11-07_20.24.58,2024-11-07,20.24.58,,Calls,1730880025.0,47.86251333333333,-122.40949
cand_02yBaW8d5IZuziw3GbU4y0,2024-11-07_13.55.43,2024-11-07,13.55.43,2024-11-07_21.55.43,2024-11-07,21.55.43,,"high pitched and squeaky, sounded far away",1730880025.0,47.8816925,-122.4066
cand_02yBcZO1URYQxI4WVIDOqi,2024-11-07_14.23.04,2024-11-07,14.23.04,2024-11-07_22.23.04,2024-11-07,22.23.04,,,1730880025.0,47.886032,-122.39861799999998
cand_02yBbSaKnXHeT7oYJKNqdl,2024-11-07_14.33.55,2024-11-07,14.33.55,2024-11-07_22.33.55,2024-11-07,22.33.55,,Orca calls,1730966426.0,47.886032,-122.39861799999998
cand_02yBbmiGPneSuG3jdOV2wY,2024-11-07_14.47.21,2024-11-07,14.47.21,2024-11-07_22.47.21,2024-11-07,22.47.21,,Clicking,1730966426.0,47.897702,-122.38234400000002
cand_02yBcZEsq8zuczkPVWA7OT,2024-11-07_15.19.15,2024-11-07,15.19.15,2024-11-07_23.19.15,2024-11-07,23.19.15,,Orcas,1730966426.0,47.912431999999995,-122.37352200000001
cand_02yCbZhCRTJnBVxR9trnEy,2024-11-09_08.45.16,2024-11-09,08.45.16,2024-11-09_16.45.16,2024-11-09,16.45.16,,,1730966426.0,47.848440000000004,-122.45933666666666
cand_02yCcFshixkTzg341MyS5n,2024-11-09_09.12.49,2024-11-09,09.12.49,2024-11-09_17.12.49,2024-11-09,17.12.49,,,1730966426.0,47.839038,-122.463238
cand_02yCcyi9Lje7E9Z2cTBw8w,2024-11-09_09.42.22,2024-11-09,09.42.22,2024-11-09_17.42.22,2024-11-09,17.42.22,,faint orca calls,1730966426.0,47.83219166666667,-122.46299833333335
cand_02yCdaje2mvNuWuE706jDQ,2024-11-09_10.07.27,2024-11-09,10.07.27,2024-11-09_18.07.27,2024-11-09,18.07.27,,,1730966426.0,47.81559166666667,-122.4644
cand_02yCi6LoQ27OzleDREd1GU,2024-11-09_13.11.21,2024-11-09,13.11.21,2024-11-09_21.11.21,2024-11-09,21.11.21,,"Hearing what I think may be orca echolocation clicks, single faint S04 call, Orca",1730966426.0,47.84593666666667,-122.41450666666667
cand_02yCikS1WIDhL3rMi7Bz3N,2024-11-09_13.37.23,2024-11-09,13.37.23,2024-11-09_21.37.23,2024-11-09,21.37.23,,"Faint calls?, Long single S04 call.",1731139226.0,47.85370333333333,-122.38562333333334
cand_02yCisvhDYAOwpS2g8yqCy,2024-11-09_13.42.42,2024-11-09,13.42.42,2024-11-09_21.42.42,2024-11-09,21.42.42,,Whale call (distant),1731139226.0,47.85370333333333,-122.38562333333334
cand_02yCj1zlZgLxvWlCDApd7O,2024-11-09_13.49.02,2024-11-09,13.49.02,2024-11-09_21.49.02,2024-11-09,21.49.02,,S04 calls x3,1731139226.0,47.85370333333333,-122.38562333333334
cand_02yCj80yKWjh875PRNGmfY,2024-11-09_13.53.00,2024-11-09,13.53.00,2024-11-09_21.53.00,2024-11-09,21.53.00,,Echolocation + calls,1731139226.0,47.857046,-122.37734
cand_02yCjEEDmRJ6o8Rh893tbg,2024-11-09_13.57.09,2024-11-09,13.57.09,2024-11-09_21.57.09,2024-11-09,21.57.09,,"Not sure if orca or humpback, very faint call, Loud clicks and calls!, Calls and clicks",1731139226.0,47.854614999999995,-122.38638166666668
cand_02yCjVCCABXycdoORJxC09,2024-11-09_14.08.10,2024-11-09,14.08.10,2024-11-09_22.08.10,2024-11-09,22.08.10,,"Faint calls, Echolocation clicks, Echolocation click sequence -- a long one!",1731139226.0,47.854614999999995,-122.38638166666668
cand_02yCjgqs17G4oBKh8atSvI,2024-11-09_14.15.28,2024-11-09,14.15.28,2024-11-09_22.15.28,2024-11-09,22.15.28,,"Faint calls heard even over that weird whistling noise, S04s faint",1731139226.0,47.854614999999995,-122.38638166666668
cand_02yCjtdWDuhsmJfxvt6pDU,2024-11-09_14.24.07,2024-11-09,14.24.07,2024-11-09_22.24.07,2024-11-09,22.24.07,,Very faint calls through AM radio and wave/rain noise?,1731139226.0,47.854614999999995,-122.38638166666668
cand_02yCkZxXS5Kd0spCGP0kiM,2024-11-09_14.49.25,2024-11-09,14.49.25,2024-11-09_22.49.25,2024-11-09,22.49.25,,Faint calls,1731139226.0,47.854614999999995,-122.38638166666668
cand_02yCluBJ9mbxiXaVOadf31,2024-11-09_15.46.07,2024-11-09,15.46.07,2024-11-09_23.46.07,2024-11-09,23.46.07,,,1731139226.0,47.83235333333334,-122.44281000000001
cand_02yDIMXLicHctvTm8NvbN7,2024-11-10_13.48.44,2024-11-10,13.48.44,2024-11-10_21.48.44,2024-11-10,21.48.44,,almost like a rubbing noise.,1731225625.0,47.9733425,-122.406325
cand_02yDM1Y0g6cvcfRWGiGVPK,2024-11-10_16.17.28,2024-11-10,16.17.28,2024-11-11_00.17.28,2024-11-11,00.17.28,,quiet vocal- j pod is in area west of midchannel,1731225625.0,48.022574000000006,-122.404304
cand_02yF3Ullep9ZAlSvkmgFp9,2024-11-13_15.55.46,2024-11-13,15.55.46,2024-11-13_23.55.46,2024-11-13,23.55.46,,(SV: SRKW S01 call at 00:10 sec mark. 14:00 ON has J pod NB at Kingston),1731225625.0,47.9312575,-122.47374500000001
cand_02yFuSFxhxwgs1288yk8Cs,2024-11-15_03.53.52,2024-11-15,03.53.52,2024-11-15_11.53.52,2024-11-15,11.53.52,,,1731225625.0,47.85829,-122.42364
cand_02yFuXCf3GbZiBtjqt2ugo,2024-11-15_03.57.01,2024-11-15,03.57.01,2024-11-15_11.57.01,2024-11-15,11.57.01,,SRKWs,1731225625.0,47.85829,-122.42364
cand_02yFuhSgI8OVjhfymHgfDH,2024-11-15_04.03.53,2024-11-15,04.03.53,2024-11-15_12.03.53,2024-11-15,12.03.53,,,1731225625.0,47.85829,-122.42364
cand_02yFv0AFooiZnv5azrY7kE,2024-11-15_04.16.10,2024-11-15,04.16.10,2024-11-15_12.16.10,2024-11-15,12.16.10,,,1731484826.0,47.85829,-122.42364
cand_02yFv77RXtIpaw278Dvgov,2024-11-15_04.20.44,2024-11-15,04.20.44,2024-11-15_12.20.44,2024-11-15,12.20.44,,,1731537330.0,47.85829,-122.42364
cand_02yFvICyEVjWJeki7sb7RX,2024-11-15_04.28.02,2024-11-15,04.28.02,2024-11-15_12.28.02,2024-11-15,12.28.02,,,1731537330.0,47.85829,-122.42364
cand_02yFvTW27rf2bC9n4c0mDY,2024-11-15_04.35.28,2024-11-15,04.35.28,2024-11-15_12.35.28,2024-11-15,12.35.28,,,1731657620.0,47.85829,-122.42364
cand_02yFvcFQcLFZoBGVktpvnP,2024-11-15_04.41.11,2024-11-15,04.41.11,2024-11-15_12.41.11,2024-11-15,12.41.11,,,1731657620.0,47.85829,-122.42364
cand_02yG0VG2pWBsdOT7e0Gj3q,2024-11-15_07.59.58,2024-11-15,07.59.58,2024-11-15_15.59.58,2024-11-15,15.59.58,,Faint calls through rising ferry noise (both vessels leaving their terminals).,1731657620.0,47.927769999999995,-122.476565
cand_02yG0lmuwgr3NSl0WxEYQ9,2024-11-15_08.11.00,2024-11-15,08.11.00,2024-11-15_16.11.00,2024-11-15,16.11.00,,J call,1731657620.0,47.927769999999995,-122.476565
cand_02yGkZXND344ZwSvCquMDn,2024-11-16_15.16.59,2024-11-16,15.16.59,2024-11-16_23.16.59,2024-11-16,23.16.59,,"long, drawn out rapid clicks, sounds like creaking; might be a whale? not sure",1731657620.0,47.90585,-122.361605
cand_02yIFAy4L31TQstnraMkhE,2024-11-19_06.11.00,2024-11-19,06.11.00,2024-11-19_14.11.00,2024-11-19,14.11.00,,,1731657620.0,47.87186,-122.39358
cand_02yIIa2Laqn35kAlwUgXcu,2024-11-19_08.26.50,2024-11-19,08.26.50,2024-11-19_16.26.50,2024-11-19,16.26.50,,J pod,1731657620.0,47.789703333333335,-122.41570333333334
cand_02yIIg7OmxQqIOSjjC9iEq,2024-11-19_08.30.45,2024-11-19,08.30.45,2024-11-19_16.30.45,2024-11-19,16.30.45,,Faint calls under vessel noise,1731657620.0,47.803020000000004,-122.41997428571429
cand_02yIIwPLWQNYhEqmciBacd,2024-11-19_08.41.32,2024-11-19,08.41.32,2024-11-19_16.41.32,2024-11-19,16.41.32,,,1731657620.0,47.803020000000004,-122.41997428571429
cand_02yIJCVm7lUyjAccp8Ds0K,2024-11-19_08.54.46,2024-11-19,08.54.46,2024-11-19_16.54.46,2024-11-19,16.54.46,,"Orca, Orca, Orca",1731657620.0,47.81257875,-122.42488875000001
cand_02yIJYqmdvq9xpz2g0c7tQ,2024-11-19_09.09.24,2024-11-19,09.09.24,2024-11-19_17.09.24,2024-11-19,17.09.24,,"J pod, S01s, S01 calls, maybe an S07?",1731744018.0,47.81257875,-122.42488875000001
cand_02yIJu4Zh49WO99xxQnIfL,2024-11-19_09.22.59,2024-11-19,09.22.59,2024-11-19_17.22.59,2024-11-19,17.22.59,,"J pod, S42s?, Aberrant calls, unusual!",1732003217.0,47.81257875,-122.42488875000001
cand_02yIpASbSCVa1cg2I7F3ne,2024-11-19_09.33.09,2024-11-19,09.33.09,2024-11-19_17.33.09,2024-11-19,17.33.09,,,1732003217.0,47.81257875,-122.42488875000001
cand_02yIKgqCrXqkXUO3ZBk8k8,2024-11-19_09.55.23,2024-11-19,09.55.23,2024-11-19_17.55.23,2024-11-19,17.55.23,,Orca,1732003217.0,47.83416499999999,-122.42899999999999
cand_02yK9qQumkNRv1T2q6PCHX,2024-11-22_14.45.53,2024-11-22,14.45.53,2024-11-22_22.45.53,2024-11-22,22.45.53,,First call since 14:22,1732003217.0,47.818706666666664,-122.44869999999999
cand_02yK9zEMgEGYNrpnBiL0Nu,2024-11-22_14.51.50,2024-11-22,14.51.50,2024-11-22_22.51.50,2024-11-22,22.51.50,,"S01s faint, Calls, faint, through numbing and sloshing noise., Calls, faint, through numbing and sloshing noise.",1732003217.0,47.8452575,-122.4568775
cand_02yKA8k6CrWASX0zRzJ9uP,2024-11-22_14.58.07,2024-11-22,14.58.07,2024-11-22_22.58.07,2024-11-22,22.58.07,,Faint calls,1732003217.0,47.86481,-122.45997333333332
cand_02yKAGGrDgukmIozLU1nIH,2024-11-22_15.03.04,2024-11-22,15.03.04,2024-11-22_23.03.04,2024-11-22,23.03.04,,Faint call,1732003217.0,47.86481,-122.45997333333332
cand_02yKAlK3fCmt1XrCavtsPC,2024-11-22_15.23.33,2024-11-22,15.23.33,2024-11-22_23.23.33,2024-11-22,23.23.33,,"Faint call?, Faint S01",,47.891335,-122.459305
cand_02yKBuX7GHnHdrzJMshQiQ,2024-11-22_16.10.17,2024-11-22,16.10.17,2024-11-23_00.10.17,2024-11-23,00.10.17,,Faint call?,1732072703.0,47.891335,-122.459305
cand_02yKfNhgnaxLrh5GEDtdZy,2024-11-23_12.10.58,2024-11-23,12.10.58,2024-11-23_20.10.58,2024-11-23,20.10.58,,Hearing Jpod calls. And boat noise. 12:10pm,1732239118.0,47.84476733333334,-122.43371799999998
cand_02yKfnWs9WhtIY9QlXnp6P,2024-11-23_12.27.59,2024-11-23,12.27.59,2024-11-23_20.27.59,2024-11-23,20.27.59,,Jpod calls again 12:28,1732262418.0,47.84972181818182,-122.43242909090908
cand_02yKgEjU5EwSktkGLK5gGq,2024-11-23_12.46.17,2024-11-23,12.46.17,2024-11-23_20.46.17,2024-11-23,20.46.17,,,1732348818.0,47.87262142857143,-122.43061999999999
cand_02yKgLNeIoFfUVlxWbkFAO,2024-11-23_12.50.37,2024-11-23,12.50.37,2024-11-23_20.50.37,2024-11-23,20.50.37,,Calls,1732435217.0,47.871174999999994,-122.43139
cand_02yKgSdUj3v9KWV33HPJ2A,2024-11-23_12.55.07,2024-11-23,12.55.07,2024-11-23_20.55.07,2024-11-23,20.55.07,,Orca whale,1732521618.0,47.871174999999994,-122.43139
cand_02yKglc2G8mv2xCqFYwL3l,2024-11-23_13.07.48,2024-11-23,13.07.48,2024-11-23_21.07.48,2024-11-23,21.07.48,,"Orcas, Orca, J pod vocalizations",1732608018.0,47.909652,-122.43315199999999
cand_02yKgr6ZTjvvKn1eLpMhcU,2024-11-23_13.11.29,2024-11-23,13.11.29,2024-11-23_21.11.29,2024-11-23,21.11.29,,Orca,1732694418.0,47.916122,-122.440816
cand_02yKh05MOjfUGZWzjDhVHu,2024-11-23_13.17.20,2024-11-23,13.17.20,2024-11-23_21.17.20,2024-11-23,21.17.20,,"Calls through local rubbing sounds., Faint S01, S01 calls",1732780821.0,47.916122,-122.440816
cand_02yKhIaJeX70zqQYaubL6b,2024-11-23_13.29.28,2024-11-23,13.29.28,2024-11-23_21.29.28,2024-11-23,21.29.28,,Clear calls through rubbing noises.,1732867219.0,47.868875,-122.427465
cand_02yKhktHEzO1SmSLxUGcNd,2024-11-23_13.48.06,2024-11-23,13.48.06,2024-11-23_21.48.06,2024-11-23,21.48.06,,Faint calls through ferry noise and local rubbing sounds.,1732953617.0,47.866896000000004,-122.436194
cand_02yL9qNmdTKsbVfnG1Wl1E,2024-11-24_08.52.47,2024-11-24,08.52.47,2024-11-24_16.52.47,2024-11-24,16.52.47,,Whale call in ship noise?,1733040018.0,48.04879,-122.373
cand_02yP6BEyGCO3hswlnPeu6K,2024-12-01_06.48.55,2024-12-01,06.48.55,2024-12-01_14.48.55,2024-12-01,14.48.55,,"Orca call. Lpod still?!, Srkws",1733472018.0,47.86928,-122.41421
cand_02yP6Hy13ZhFPiAqgbE9D2,2024-12-01_06.53.15,2024-12-01,06.53.15,2024-12-01_14.53.15,2024-12-01,14.53.15,,Orca call! Faint,1733558417.0,47.86928,-122.41421
cand_02yP6Xax7WeXVc73JLOiCQ,2024-12-01_07.03.39,2024-12-01,07.03.39,2024-12-01_15.03.39,2024-12-01,15.03.39,,Orca calls,1733644818.0,47.873713333333335,-122.41048
cand_02yP6ns1T4RcCQLqfuSwCN,2024-12-01_07.14.13,2024-12-01,07.14.13,2024-12-01_15.14.13,2024-12-01,15.14.13,,Faint orca calls,1733731217.0,47.873713333333335,-122.41048
cand_02yP7KqfZV2QAToM6cCvS2,2024-12-01_07.35.54,2024-12-01,07.35.54,2024-12-01_15.35.54,2024-12-01,15.35.54,,,1733817617.0,47.873713333333335,-122.41048
cand_02yP7ROJvArI5t5MB1tGti,2024-12-01_07.39.40,2024-12-01,07.39.40,2024-12-01_15.39.40,2024-12-01,15.39.40,,Started hearing fain orca calls a few minutes ago,1734076821.0,47.873713333333335,-122.41048
cand_02yP7VkKxZVX7BCmIy7xGn,2024-12-01_07.43.24,2024-12-01,07.43.24,2024-12-01_15.43.24,2024-12-01,15.43.24,,Killer whale,1734163217.0,47.873713333333335,-122.41048
cand_02yP7eEQ0H4dH0MhZIT1M5,2024-12-01_07.48.58,2024-12-01,07.48.58,2024-12-01_15.48.58,2024-12-01,15.48.58,,"Orcas, L pod calls and vessel noise",1734249617.0,47.873713333333335,-122.41048
cand_02yP8Ouo6o3OTrplEL3JyE,2024-12-01_08.12.53,2024-12-01,08.12.53,2024-12-01_16.12.53,2024-12-01,16.12.53,,,1734336018.0,47.875930000000004,-122.40861499999998
cand_02yP8PT2jn7RiAqC6ECSaK,2024-12-01_08.19.48,2024-12-01,08.19.48,2024-12-01_16.19.48,2024-12-01,16.19.48,,,1734595220.0,47.87593,-122.408615
cand_02yP91JPl1s6Ku8Ys5JkEC,2024-12-01_08.36.52,2024-12-01,08.36.52,2024-12-01_16.36.52,2024-12-01,16.36.52,,,1734768018.0,47.87593,-122.408615
cand_02yW4yx7N2OgpbVgvontU2,2024-12-13_12.43.34,2024-12-13,12.43.34,2024-12-13_20.43.34,2024-12-13,20.43.34,,Clicking,1734940817.0,47.963395,-122.33320499999999
cand_02yXsbWlDm1k1YTTuFhhg2,2024-12-16_16.33.15,2024-12-16,16.33.15,2024-12-17_00.33.15,2024-12-17,00.33.15,,,1734996713.0,47.903225000000006,-122.44169
cand_02yXtEvz7IaIvJGoy3OmBs,2024-12-16_16.59.18,2024-12-16,16.59.18,2024-12-17_00.59.18,2024-12-17,00.59.18,,,1735027218.0,47.86666,-122.39053
cand_02yXtNE719AMDeINWAm8Jr,2024-12-16_17.04.28,2024-12-16,17.04.28,2024-12-17_01.04.28,2024-12-17,01.04.28,,Lots of orca communication,1735113618.0,47.86666,-122.39053
cand_02yYM3zIRZwBQO1mlCNsj9,2024-12-17_12.33.39,2024-12-17,12.33.39,2024-12-17_20.33.39,2024-12-17,20.33.39,,12:35 - Orca Calls,1735545617.0,47.754995,-122.44713250000001
cand_02yYMbiChnoJXEhZ8YlqXo,2024-12-17_12.55.47,2024-12-17,12.55.47,2024-12-17_20.55.47,2024-12-17,20.55.47,,12:56 - Orca calls,1735632020.0,47.764995,-122.4433
cand_02yYMwsmbREEE7zEqlnue8,2024-12-17_13.09.48,2024-12-17,13.09.48,2024-12-17_21.09.48,2024-12-17,21.09.48,,"s01, some s04, orca calls",1735718417.0,47.86479,-122.43409
cand_02yYN8iT7ChEpBoXsThaae,2024-12-17_13.17.25,2024-12-17,13.17.25,2024-12-17_21.17.25,2024-12-17,21.17.25,,,1735804818.0,47.86479,-122.43409
cand_02yYNFjxpnddyF4SqOrYXr,2024-12-17_13.20.53,2024-12-17,13.20.53,2024-12-17_21.20.53,2024-12-17,21.20.53,,Lots of Jpod contact calls. Interference from radio with right wing contact calls.,1735891218.0,47.86479,-122.43409
cand_02yYNLyoWaVA1XOAJ71bmP,2024-12-17_13.26.10,2024-12-17,13.26.10,2024-12-17_21.26.10,2024-12-17,21.26.10,,Ocra calls,1735977618.0,47.86479,-122.43409
cand_02yYNtPtqfESP8pNXLkocC,2024-12-17_13.48.19,2024-12-17,13.48.19,2024-12-17_21.48.19,2024-12-17,21.48.19,,,1736064018.0,47.86479,-122.43409
cand_02yZNcNUtT6fw1DXrC2vJc,2024-12-19_07.43.08,2024-12-19,07.43.08,2024-12-19_15.43.08,2024-12-19,15.43.08,,"Kw call, Kw call, SrKw call",1736150417.0,47.80224,-122.41373
cand_02yZOujgRjAvazL6PdiPFx,2024-12-19_08.36.03,2024-12-19,08.36.03,2024-12-19_16.36.03,2024-12-19,16.36.03,,"SRKW, Faint orca (likely SRKW) calls and clicks, Calls and clicks",1736236818.0,47.847697142857136,-122.4174814285714
cand_02yZPT6CECfFWis1GJOE2X,2024-12-19_08.58.27,2024-12-19,08.58.27,2024-12-19_16.58.27,2024-12-19,16.58.27,,,,47.84908875,-122.41626500000001
cand_02yZPYmWXuiJy2kgTSOMCu,2024-12-19_09.01.56,2024-12-19,09.01.56,2024-12-19_17.01.56,2024-12-19,17.01.56,,"Still hearing SRKW calls. Heard Js S01 earlier, possibly some K calls too? Variety of calls., Clicks and squealing, whales?, 9:03 AM - Orca calls and clicks",,47.84908875,-122.41626500000001
cand_02yZPdlgYBLg7dZkSvly6P,2024-12-19_09.05.46,2024-12-19,09.05.46,2024-12-19_17.05.46,2024-12-19,17.05.46,,Squeals from pod:),,47.84908875,-122.41626500000001
cand_02yZPmrKyHH0mjEGXlQlin,2024-12-19_09.11.31,2024-12-19,09.11.31,2024-12-19_17.11.31,2024-12-19,17.11.31,,Still lots of SRKW vocals,,47.85675142857143,-122.41681857142859
cand_02yZPqwwPfCXcTE1fFGGOT,2024-12-19_09.14.33,2024-12-19,09.14.33,2024-12-19_17.14.33,2024-12-19,17.14.33,,,,47.85675142857143,-122.41681857142858
cand_02yZPz4cMSWv31cSkXf505,2024-12-19_09.19.44,2024-12-19,09.19.44,2024-12-19_17.19.44,2024-12-19,17.19.44,,"Long, high pitched squeals, mix of calls, Rapid clicks",,47.85796125,-122.41521375
cand_02yZQMHlbnO8MTugVqabc2,2024-12-19_09.33.51,2024-12-19,09.33.51,2024-12-19_17.33.51,2024-12-19,17.33.51,,"Jpod!, Still very talkative, Still very talkative",,47.86495142857142,-122.41523428571429
cand_02yZQcit8zYT7dBLTC9FfX,2024-12-19_09.45.40,2024-12-19,09.45.40,2024-12-19_17.45.40,2024-12-19,17.45.40,,SRKW,,47.86495142857143,-122.4152342857143
cand_02yZR0C71aD4aOlXJsrbD1,2024-12-19_10.00.57,2024-12-19,10.00.57,2024-12-19_18.00.57,2024-12-19,18.00.57,,Sounds like orcas squeaking,,47.86279,-122.41715250000001
cand_02yZR000Qq9lozfH5XfeiF,2024-12-19_10.01.02,2024-12-19,10.01.02,2024-12-19_18.01.02,2024-12-19,18.01.02,,Orca calls,,47.86279,-122.41715249999999
cand_02yZR8jSdCemU3tV5UYZpU,2024-12-19_10.06.06,2024-12-19,10.06.06,2024-12-19_18.06.06,2024-12-19,18.06.06,,"Clicks, squeals, and whistles. Sounds like orcas to me!, Orca!",,47.86279,-122.41715250000001
cand_02yZRLdCNIDrkBERXhZZD1,2024-12-19_10.15.28,2024-12-19,10.15.28,2024-12-19_18.15.28,2024-12-19,18.15.28,,"Still lots of calls, 60Hz hum and radio started at about 11.0' tide",,47.86305857142857,-122.41856857142857
cand_02yZSdpNx3C5UTnx8u1A58,2024-12-19_11.08.02,2024-12-19,11.08.02,2024-12-19_19.08.02,2024-12-19,19.08.02,,"Still hearing occasional faint calls, Orcas",,47.85229,-122.4265225
cand_02yZU065i76KQcJ4NBSslj,2024-12-19_12.03.22,2024-12-19,12.03.22,2024-12-19_20.03.22,2024-12-19,20.03.22,,"Calls through rising ferry noise., S01",,47.874376,-122.440408
cand_02yZUTazmscn5ger0jBlOp,2024-12-19_12.22.38,2024-12-19,12.22.38,2024-12-19_20.22.38,2024-12-19,20.22.38,,"More repetitions of short S01s with occasional response at lower received amplitude., More call and response? Three different receive amplitudes?, Echolocation?",,47.8818925,-122.44090249999999
cand_02yZV0nIVVbb2JQrPmzWNp,2024-12-19_12.44.36,2024-12-19,12.44.36,2024-12-19_20.44.36,2024-12-19,20.44.36,,Calls,,47.900459999999995,-122.45451750000001
cand_02yZV8cW2Jhiwc3l1FE2FY,2024-12-19_12.49.52,2024-12-19,12.49.52,2024-12-19_20.49.52,2024-12-19,20.49.52,,,,47.90046,-122.45451750000001
cand_02yZV8jEB2P73XhGarScko,2024-12-19_12.49.55,2024-12-19,12.49.55,2024-12-19_20.49.55,2024-12-19,20.49.55,,,,47.900459999999995,-122.45451750000001
cand_02yZxj0cH1Wx7NKIoutu75,2024-12-20_08.14.23,2024-12-20,08.14.23,2024-12-20_16.14.23,2024-12-20,16.14.23,,,,47.85507,-122.45757
cand_02yZxpZjfqVdH8x6UcTO4U,2024-12-20_08.19.02,2024-12-20,08.19.02,2024-12-20_16.19.02,2024-12-20,16.19.02,,"Echolocation, echolocation",,47.85458,-122.45602333333333
cand_02yZy4wWuehv22WwFXsFJl,2024-12-20_08.29.03,2024-12-20,08.29.03,2024-12-20_16.29.03,2024-12-20,16.29.03,,distant s04 calls,,47.85458,-122.45602333333333
cand_02yZyHFyEQk5cRkXhkaw8X,2024-12-20_08.37.20,2024-12-20,08.37.20,2024-12-20_16.37.20,2024-12-20,16.37.20,,"s07, clear calls now s44? s10, Whale calls",,47.85458,-122.45602333333333
cand_02yZyW3a3fv9aJzu4rNIaY,2024-12-20_08.47.06,2024-12-20,08.47.06,2024-12-20_16.47.06,2024-12-20,16.47.06,,s01,,47.85458,-122.45602333333333
cand_02yZycs4oNT2eR2Gr6qaCQ,2024-12-20_08.51.08,2024-12-20,08.51.08,2024-12-20_16.51.08,2024-12-20,16.51.08,,Squeaky call,,47.861215,-122.45486249999999
cand_02ya1Xb9bunWvPtvWpV570,2024-12-20_10.49.47,2024-12-20,10.49.47,2024-12-20_18.49.47,2024-12-20,18.49.47,,echolocation clicks surrounded by loud boat noises and some instrumentation noise,,47.83497666666667,-122.45581666666668
cand_02ya2OA62UeJoqDjyiDfKa,2024-12-20_11.24.37,2024-12-20,11.24.37,2024-12-20_19.24.37,2024-12-20,19.24.37,,echolocation clicks now that boat engine sound has subsided,,47.8058975,-122.45616
cand_02yaeSUHgWBPQyDZVWLKq6,2024-12-21_13.15.56,2024-12-21,13.15.56,2024-12-21_21.15.56,2024-12-21,21.15.56,,"Yes Ks!, K call?, Possibly Ks pod last several",,47.86684,-122.43098
cand_02yaeaLwDFDwkefXpHgVIC,2024-12-21_13.20.12,2024-12-21,13.20.12,2024-12-21_21.20.12,2024-12-21,21.20.12,,"Nice array of SRKW calls, K pod continuing",,47.86684,-122.43098
cand_02yaf1JQm1v9FXsKwdV0kM,2024-12-21_13.32.55,2024-12-21,13.32.55,2024-12-21_21.32.55,2024-12-21,21.32.55,,SRKW Cala continuing,,47.86684,-122.43098
cand_02ybgPuyoslTNkXORycOcr,2024-12-23_08.42.05,2024-12-23,08.42.05,2024-12-23_16.42.05,2024-12-23,16.42.05,,"Faint calls, Srkw",,47.810069999999996,-122.41684
cand_02ybgWickFUroLWtLfy4Mc,2024-12-23_08.46.27,2024-12-23,08.46.27,2024-12-23_16.46.27,2024-12-23,16.46.27,,Faint SRKW calls amidst vessel noise,,47.810069999999996,-122.41684
cand_02ybgt1xjrKd3lFyBXSkOJ,2024-12-23_09.01.27,2024-12-23,09.01.27,2024-12-23_17.01.27,2024-12-23,17.01.27,,faint calls,,47.823595,-122.4112275
cand_02ybhDKoqTq8XaDTYYiUog,2024-12-23_09.14.38,2024-12-23,09.14.38,2024-12-23_17.14.38,2024-12-23,17.14.38,,louder calls,,47.832218,-122.41190199999998
cand_02ybhJqqV88nqRmbStg3vK,2024-12-23_09.18.51,2024-12-23,09.18.51,2024-12-23_17.18.51,2024-12-23,17.18.51,,"Faint echolocation?, Orca, S04 single",,47.832218,-122.41190199999998
cand_02ybiL91e1lzwJJ9PcYFuH,2024-12-23_10.00.37,2024-12-23,10.00.37,2024-12-23_18.00.37,2024-12-23,18.00.37,,,,47.868605714285714,-122.40000285714287
cand_02ybiTVdkJBFpru80E4Wgm,2024-12-23_10.05.59,2024-12-23,10.05.59,2024-12-23_18.05.59,2024-12-23,18.05.59,,"S17 x2, Calls, S07 single",,47.87629666666667,-122.39264166666668
cand_02ybimQVlXEMln8VRwq3S8,2024-12-23_10.18.20,2024-12-23,10.18.20,2024-12-23_18.18.20,2024-12-23,18.18.20,,"Close and distant calls, based on received amplitude difference..., high pitched, Multiple calls",,47.880024285714285,-122.38685142857143
cand_02ybj8Isa9G3q6vFgtH7Ze,2024-12-23_10.32.43,2024-12-23,10.32.43,2024-12-23_18.32.43,2024-12-23,18.32.43,,"Faint calls more audible as ferry noise has lessened a bit..., orca, Faint calls, same type repeated",,47.88704142857143,-122.38177285714286
cand_02ybjLBVtcvsJ9TIrlrkz9,2024-12-23_10.41.20,2024-12-23,10.41.20,2024-12-23_18.41.20,2024-12-23,18.41.20,,"Faint calls. Orca Network now puts visual observations near/off Possession Point., Repeated squeaks, not a stereotyped call! (New calf?), S16",,47.88704142857143,-122.38177285714286
cand_02ybjqy3N9JCAYWWi0XU0y,2024-12-23_11.01.55,2024-12-23,11.01.55,2024-12-23_19.01.55,2024-12-23,19.01.55,,"conversation in Whale language, 11:02 am Orca calls",,47.88545,-122.37712125
cand_02ybjxVaJytv8eFx0lhgX7,2024-12-23_11.06.17,2024-12-23,11.06.17,2024-12-23_19.06.17,2024-12-23,19.06.17,,"Whistles, squeaks…pure beauty!",,47.88484555555556,-122.37642444444444
cand_02ybkMLPzzH9KpPdCU3dS4,2024-12-23_11.22.44,2024-12-23,11.22.44,2024-12-23_19.22.44,2024-12-23,19.22.44,,"S01 and S16 calls, faint., S01 call, single.",,47.8871125,-122.37165250000001
cand_02ybkWWmOvlU32gRMVaGeA,2024-12-23_11.27.27,2024-12-23,11.27.27,2024-12-23_19.27.27,2024-12-23,19.27.27,,"Calls and clicks with increasing volume, Faint calls, S10s?",,47.88825142857143,-122.36806714285714
cand_02ybkk5CvvVCDNMRF3bfq4,2024-12-23_11.37.44,2024-12-23,11.37.44,2024-12-23_19.37.44,2024-12-23,19.37.44,,"Whale cries, S16 faint",,47.88534625,-122.37129
cand_02ybl0UakXS5qWN5NyZE1T,2024-12-23_11.48.34,2024-12-23,11.48.34,2024-12-23_19.48.34,2024-12-23,19.48.34,,"S01 calls clear thru rising ferry noise., close s04 calls, also s12?, click-slow",,47.88219875,-122.37253749999999
cand_02yblqakPc8CHxSEDqlBsK,2024-12-23_12.23.22,2024-12-23,12.23.22,2024-12-23_20.23.22,2024-12-23,20.23.22,,Echolocation and calls,,47.87346666666667,-122.38461999999998
cand_02yblw0yRHaaWHKyIQSqAr,2024-12-23_12.26.54,2024-12-23,12.26.54,2024-12-23_20.26.54,2024-12-23,20.26.54,,Orca,,47.87028300000001,-122.38626399999998
cand_02ybm1GkDaI966tbUyIUAY,2024-12-23_12.29.58,2024-12-23,12.29.58,2024-12-23_20.29.58,2024-12-23,20.29.58,,"s03, s10, s01",,47.87028300000001,-122.38626399999998
cand_02ybmrINj2KzcCDH1urxap,2024-12-23_13.04.40,2024-12-23,13.04.40,2024-12-23_21.04.40,2024-12-23,21.04.40,,"More S16 calls, s16 s17, S16 x3",,47.85537333333333,-122.39446222222222
cand_02ybnjyfpxXujOYBnX0fP4,2024-12-23_13.40.21,2024-12-23,13.40.21,2024-12-23_21.40.21,2024-12-23,21.40.21,,Far off calls,,47.83476909090909,-122.40421545454545
cand_02ybrRH8iqrZAnvm7T7krX,2024-12-23_16.11.16,2024-12-23,16.11.16,2024-12-24_00.11.16,2024-12-24,00.11.16,,"distant calls and heavy vessel noise, Faint calls?",,47.83182666666667,-122.41339666666669
cand_02ybrouMyFSLz8zZOLccoX,2024-12-23_16.26.52,2024-12-23,16.26.52,2024-12-24_00.26.52,2024-12-24,00.26.52,,"Song whistles, Whistles, faint?, More whistles?",,47.84097,-122.41231
cand_02ybs17gteSM6M4fqYWDfT,2024-12-23_16.34.41,2024-12-23,16.34.41,2024-12-24_00.34.41,2024-12-24,00.34.41,,,,47.84097,-122.41231
cand_02ybsNWGzKzf4WDT7bjGKt,2024-12-23_16.49.31,2024-12-23,16.49.31,2024-12-24_00.49.31,2024-12-24,00.49.31,,echolocation clicks consistent,,47.83809,-122.40201
cand_02ybsS3CF2QEIq9fSNdrFW,2024-12-23_16.52.33,2024-12-23,16.52.33,2024-12-24_00.52.33,2024-12-24,00.52.33,,"Could it be the nearby humpback or a minke in addition to the srkws?, unidentifiable sound amongst s04., Calling",,47.83809,-122.40201
cand_02ybsb4mBxRERw5SGvAvdV,2024-12-23_16.58.20,2024-12-23,16.58.20,2024-12-24_00.58.20,2024-12-24,00.58.20,,"more ""creaks"" amongst s04 and s10s",,47.83809,-122.40201
cand_02ybsjvArex1uBdCh4z1zV,2024-12-23_17.04.06,2024-12-23,17.04.06,2024-12-24_01.04.06,2024-12-24,01.04.06,,"s01, S1s, s10 s03",,47.83809,-122.40201
cand_02ybsys0nujUy3Sgnme7pQ,2024-12-23_17.14.03,2024-12-23,17.14.03,2024-12-24_01.14.03,2024-12-24,01.14.03,,"s16, s01, s04",,47.83809,-122.40201
cand_02ybt87Jl0EXpRrZWa1RNJ,2024-12-23_17.17.10,2024-12-23,17.17.10,2024-12-24_01.17.10,2024-12-24,01.17.10,,,,47.83809,-122.40201
cand_02ycEr2qSPVxc08GUxDYrm,2024-12-24_08.05.15,2024-12-24,08.05.15,2024-12-24_16.05.15,2024-12-24,16.05.15,,,,47.86719,-122.4602
cand_02ycGi0Osiq2GizWAstpm3,2024-12-24_09.20.41,2024-12-24,09.20.41,2024-12-24_17.20.41,2024-12-24,17.20.41,,possibly a distant s04 after the train,,47.861135000000004,-122.44342499999999
cand_02ycHdDrmtotyRvuDZyWK1,2024-12-24_09.58.35,2024-12-24,09.58.35,2024-12-24_17.58.35,2024-12-24,17.58.35,,"Orcas, Whale calls!",,47.84458,-122.42546333333333
cand_02ycI8LZ7jMw54bR4urA5P,2024-12-24_10.19.05,2024-12-24,10.19.05,2024-12-24_18.19.05,2024-12-24,18.19.05,,Echolocation clicks?,,47.84458,-122.42546333333333
cand_02ycIDV5o7KKzVCnOKjP6q,2024-12-24_10.22.26,2024-12-24,10.22.26,2024-12-24_18.22.26,2024-12-24,18.22.26,,"Faint calls through ship noise., Faint whale calls",,47.84458,-122.42546333333333
cand_02ycIhSaxIOPAybAVu2rki,2024-12-24_10.41.15,2024-12-24,10.41.15,2024-12-24_18.41.15,2024-12-24,18.41.15,,Sound like whistle,,47.824532,-122.42896999999998
cand_02ye5LUiA2oDXetl4FDg4l,2024-12-27_13.50.38,2024-12-27,13.50.38,2024-12-27_21.50.38,2024-12-27,21.50.38,,,,47.931923999999995,-122.350866
cand_02yfqPmNfBbHTygYG5W2GF,2024-12-30_15.52.24,2024-12-30,15.52.24,2024-12-30_23.52.24,2024-12-30,23.52.24,,"Faint intermittent orca calls, sounds like JPod.",,47.73106,-122.441988
cand_02yfqm3V1Mz728TES0DbXO,2024-12-30_16.09.47,2024-12-30,16.09.47,2024-12-31_00.09.47,2024-12-31,00.09.47,,Orca calls,,47.73106,-122.441988
cand_02yfr3GwtlqImhksI4LhjV,2024-12-30_16.21.09,2024-12-30,16.21.09,2024-12-31_00.21.09,2024-12-31,00.21.09,,,,47.73106,-122.441988
cand_02yfs3UC12AwNJREgnY0sP,2024-12-30_17.02.00,2024-12-30,17.02.00,2024-12-31_01.02.00,2024-12-31,01.02.00,,"Jpod, Whale sounds, Orca",,47.741845,-122.433145
cand_02yfsD6AuzxG79rU7peeGN,2024-12-30_17.07.59,2024-12-30,17.07.59,2024-12-31_01.07.59,2024-12-31,01.07.59,,"Srkw calls 1711, SRKW, couple of squeeks",,47.741845,-122.433145
cand_02ygG7Ya40dFc3gAs5307w,2024-12-31_09.22.21,2024-12-31,09.22.21,2024-12-31_17.22.21,2024-12-31,17.22.21,,sounds like orca,,47.85645,-122.42397
cand_02ygHftFjs2yygHKNHeSdh,2024-12-31_10.20.56,2024-12-31,10.20.56,2024-12-31_18.20.56,2024-12-31,18.20.56,,,,47.821360000000006,-122.431494
cand_02ygIFuRqzljG2NO91FC2C,2024-12-31_10.49.41,2024-12-31,10.49.41,2024-12-31_18.49.41,2024-12-31,18.49.41,,squeaks,,47.821360000000006,-122.431494
cand_02ygJhIClwA6SghZm3Ujsk,2024-12-31_11.47.37,2024-12-31,11.47.37,2024-12-31_19.47.37,2024-12-31,19.47.37,,Squeals and lots of chattering of orcas!!!,,47.838045,-122.42203
cand_02ygJn7jpbGWvLAsIRMKem,2024-12-31_11.52.01,2024-12-31,11.52.01,2024-12-31_19.52.01,2024-12-31,19.52.01,,"Whistle, High pitch calling, Orca",,47.84746500000001,-122.41654500000001
cand_02ygMuF261Waffiw1zXwf8,2024-12-31_11.55.56,2024-12-31,11.55.56,2024-12-31_19.55.56,2024-12-31,19.55.56,,,,47.84746500000001,-122.41654500000001
cand_02ygKODLhNaltFIsVEwxQ6,2024-12-31_12.16.11,2024-12-31,12.16.11,2024-12-31_20.16.11,2024-12-31,20.16.11,,SRKWs: Jpod,,47.85736250000001,-122.4122075
cand_02ygM7aRpg0lqLMWO1wGj7,2024-12-31_13.26.51,2024-12-31,13.26.51,2024-12-31_21.26.51,2024-12-31,21.26.51,,Sounds like orca,,47.85986666666667,-122.432925
cand_02ygMgivLQF8aq9LW096Am,2024-12-31_13.50.08,2024-12-31,13.50.08,2024-12-31_21.50.08,2024-12-31,21.50.08,,1:50 PM - Orca calls,,47.868247499999995,-122.41443000000001
cand_02ygMm6RJRK0P1vZlbtSc5,2024-12-31_13.53.14,2024-12-31,13.53.14,2024-12-31_21.53.14,2024-12-31,21.53.14,,"Hearing J pod calls, loud and clear, some vessel noise, Squeaks, squeals and clicks, Squeaks, squeals and clicks",,47.86891571428572,-122.41562285714285
cand_02ygNHkjnX3TpiBQuW6gF0,2024-12-31_14.14.28,2024-12-31,14.14.28,2024-12-31_22.14.28,2024-12-31,22.14.28,,A few orca calls,,47.880402222222216,-122.39881333333331
cand_02ygRYWjMMMtivkMZpyuAg,2024-12-31_17.08.29,2024-12-31,17.08.29,2025-01-01_01.08.29,2025-01-01,01.08.29,,,,47.917914999999994,-122.364195
cand_02yhNDFhFzQ1DgziIwNWCx,2025-01-02_08.17.50,2025-01-02,08.17.50,2025-01-02_16.17.50,2025-01-02,16.17.50,,"Still hearing lowing calls and echolocation, s04 continuing",,47.8377,-122.434905
cand_02yhNPF65ncDAJbc118ymn,2025-01-02_08.25.54,2025-01-02,08.25.54,2025-01-02_16.25.54,2025-01-02,16.25.54,,very faint orca call,,47.8377,-122.434905
cand_02yhO2qq1gFmwuL4y1h1kL,2025-01-02_08.51.50,2025-01-02,08.51.50,2025-01-02_16.51.50,2025-01-02,16.51.50,,echolocation clicks masked by vessel noise,,47.8377,-122.434905
cand_02yhUql38MURqrLr2F2aJM,2025-01-02_13.29.06,2025-01-02,13.29.06,2025-01-02_21.29.06,2025-01-02,21.29.06,,"SRKW calls, Echolocation",,47.90247875,-122.37996125
cand_02yhxodehaE4R4jHOvzx0Q,2025-01-03_09.09.27,2025-01-03,09.09.27,2025-01-03_17.09.27,2025-01-03,17.09.27,,"Sounds like some kind of whale call but I can’t tell!, Vocalizing, Orcas",,47.938539999999996,-122.35339333333333
cand_02yhyEiBecs6rOxcYp9Csl,2025-01-03_09.26.29,2025-01-03,09.26.29,2025-01-03_17.26.29,2025-01-03,17.26.29,,"Whistle, Calls again!",,47.938539999999996,-122.35339333333333
cand_02yhyPndStRqhQBhqoAgJi,2025-01-03_09.33.48,2025-01-03,09.33.48,2025-01-03_17.33.48,2025-01-03,17.33.48,,"Vocalizing, Vocalizing 🫶🏽",,47.938539999999996,-122.35339333333333
cand_02yhyZNL1il4tydqSVJyAU,2025-01-03_09.39.54,2025-01-03,09.39.54,2025-01-03_17.39.54,2025-01-03,17.39.54,,Faint high pitch calls,,47.93854,-122.35339333333334
cand_02yhz3lLsrrfv1fZizECSq,2025-01-03_10.00.02,2025-01-03,10.00.02,2025-01-03_18.00.02,2025-01-03,18.00.02,,"Sounds like seagull, though, Calls again",,47.92179,-122.35986
cand_02yi8gqGQavt8g0jWpXpo9,2025-01-03_16.28.54,2025-01-03,16.28.54,2025-01-04_00.28.54,2025-01-04,00.28.54,,Jpod,,47.86182,-122.44199
cand_02yi8ilqrNIWVC2YndJS4I,2025-01-03_16.33.28,2025-01-03,16.33.28,2025-01-04_00.33.28,2025-01-04,00.33.28,,"Echolocation, Orca calls",,47.86182,-122.44199
cand_02yi8xc6SJWlGEf5SW3O9O,2025-01-03_16.43.35,2025-01-03,16.43.35,2025-01-04_00.43.35,2025-01-04,00.43.35,,,,47.86182,-122.44199
cand_02yi9Zufz1YDRFuXNdjnyr,2025-01-03_17.07.43,2025-01-03,17.07.43,2025-01-04_01.07.43,2025-01-04,01.07.43,,I can hear the orcas as well wonder which pod,,47.86182,-122.44199
cand_02yi9hT0ZXWkH0D2Fbfixe,2025-01-03_17.13.38,2025-01-03,17.13.38,2025-01-04_01.13.38,2025-01-04,01.13.38,,Orcas!,,47.86182,-122.44199
cand_02yiV7oh3jA76APmKuruxy,2025-01-04_07.46.40,2025-01-04,07.46.40,2025-01-04_15.46.40,2025-01-04,15.46.40,,"Orca calls, SRKW calls, Faint calls",,47.908405,-122.36665500000001
cand_02yiVta1HWyWgNi7nicfSs,2025-01-04_08.18.01,2025-01-04,08.18.01,2025-01-04_16.18.01,2025-01-04,16.18.01,,,,47.908405,-122.36665500000001
cand_02yiW5EZj5DTTDLvTulGJ1,2025-01-04_08.25.46,2025-01-04,08.25.46,2025-01-04_16.25.46,2025-01-04,16.25.46,,"Echolocation clicks, Srkw calls, SRKW",,47.897490000000005,-122.37581
cand_02yib4PnWtFm0Uu6LTqYor,2025-01-04_11.47.25,2025-01-04,11.47.25,2025-01-04_19.47.25,2025-01-04,19.47.25,,"Calls, Calls, orca",,47.8478,-122.45577750000001
cand_02yibMccFTXiHd38e3qvek,2025-01-04_12.00.47,2025-01-04,12.00.47,2025-01-04_20.00.47,2025-01-04,20.00.47,,"Calls, Squeaking/squealing, Squeaking/squealing",,47.84960222222222,-122.45704444444446
cand_02yibtvbG00I1CI7s1oL46,2025-01-04_12.22.34,2025-01-04,12.22.34,2025-01-04_20.22.34,2025-01-04,20.22.34,,Quite far,,47.86605888888889,-122.4615188888889
cand_02yicwfJn7Lsk03FS1WKTi,2025-01-04_12.36.02,2025-01-04,12.36.02,2025-01-04_20.36.02,2025-01-04,20.36.02,,,,47.86605888888889,-122.4615188888889
cand_02yidG1o2vbdgnehYsiFzj,2025-01-04_13.17.55,2025-01-04,13.17.55,2025-01-04_21.17.55,2025-01-04,21.17.55,,,,47.900921999999994,-122.47470600000001
cand_02yieGLOz5kbIcXXWQk7bJ,2025-01-04_13.59.08,2025-01-04,13.59.08,2025-01-04_21.59.08,2025-01-04,21.59.08,,Cries,,47.91631600000001,-122.48774399999999
cand_02yii6xqd31crPB7CBJY85,2025-01-04_16.35.33,2025-01-04,16.35.33,2025-01-05_00.35.33,2025-01-05,00.35.33,,Whistle. Call,,47.863598,-122.447992
cand_02yiiFA4aG7riIVIL4aiPW,2025-01-04_16.40.59,2025-01-04,16.40.59,2025-01-05_00.40.59,2025-01-05,00.40.59,,Faint orca calls,,47.863598,-122.447992
cand_02yiiKjp9BqoT4c9OflFRR,2025-01-04_16.44.56,2025-01-04,16.44.56,2025-01-05_00.44.56,2025-01-05,00.44.56,,,,47.863598,-122.447992
cand_02yj5BB4xpdqY5mPtN077s,2025-01-05_08.15.49,2025-01-05,08.15.49,2025-01-05_16.15.49,2025-01-05,16.15.49,,"SRKW calls and train, Orca screeching, K's??",,47.8316825,-122.418555
cand_02yj5OE4BOUWQnTwsaJbyc,2025-01-05_08.24.21,2025-01-05,08.24.21,2025-01-05_16.24.21,2025-01-05,16.24.21,,,,47.8316825,-122.418555
cand_02yj5f4jHQ1NsvsO7ZqpVV,2025-01-05_08.35.12,2025-01-05,08.35.12,2025-01-05_16.35.12,2025-01-05,16.35.12,,"Orca 8:41 am, Orca, Orca calls",,47.837364,-122.424272
cand_02yj5s3s3qaTZFCMdpY5cZ,2025-01-05_08.44.01,2025-01-05,08.44.01,2025-01-05_16.44.01,2025-01-05,16.44.01,,,,47.837364,-122.424272
cand_02yj6LCHypQ191TKreXfwd,2025-01-05_09.03.13,2025-01-05,09.03.13,2025-01-05_17.03.13,2025-01-05,17.03.13,,distant calls and clicks,,47.841006666666665,-122.42384833333334
cand_02yj6TyeE05ZiB4janJA5l,2025-01-05_09.08.48,2025-01-05,09.08.48,2025-01-05_17.08.48,2025-01-05,17.08.48,,"s16, Faint SRKW calls",,47.841006666666665,-122.42384833333334
cand_02yj6fn7lqruMCnB9rR59h,2025-01-05_09.16.23,2025-01-05,09.16.23,2025-01-05_17.16.23,2025-01-05,17.16.23,,"Orca! SRKW!, 2 high pitched squeals! Sounds pretty far out!",,47.846962,-122.42489
cand_02yjBN3liar1pMkmXhkLLB,2025-01-05_12.27.38,2025-01-05,12.27.38,2025-01-05_20.27.38,2025-01-05,20.27.38,,srkw calls,,47.91175666666667,-122.48587666666667
cand_02yjBW1HaFxbDpRif0rCDf,2025-01-05_12.34.02,2025-01-05,12.34.02,2025-01-05_20.34.02,2025-01-05,20.34.02,,faint orca calls,,47.91057,-122.48357999999999
